dataset_id,table_id
record_linkage,all_matched_apps
record_linkage,apps_match_source_gp20211206
record_linkage,apps_match_source_gp20211213
record_linkage,apps_match_source_gp20211220
record_linkage,apps_match_source_gp20211227
record_linkage,apps_match_source_gp20220103
record_linkage,apps_match_source_gp20220110
record_linkage,apps_match_source_gp20220117
record_linkage,apps_match_source_gp20220124
record_linkage,apps_match_source_gp20220131
record_linkage,apps_match_source_gp20220207
record_linkage,apps_match_source_gp20220214
record_linkage,apps_match_source_gp20220221
record_linkage,apps_match_source_gp20220228
record_linkage,apps_match_source_gp20220307
record_linkage,apps_match_source_gp20220314
record_linkage,apps_match_source_gp20220321
record_linkage,apps_match_source_gp20220328
record_linkage,apps_match_source_gp20220404
record_linkage,apps_match_source_gp20220411
record_linkage,apps_match_source_gp20220418
record_linkage,apps_match_source_gp20220425
record_linkage,apps_match_source_gp20220502
record_linkage,apps_match_source_gp20220509
record_linkage,apps_match_source_gp20220516
record_linkage,apps_match_source_gp20220523
record_linkage,apps_match_source_gp20220530
record_linkage,apps_match_source_gp20220606
record_linkage,apps_match_source_gp20220613
record_linkage,apps_match_source_gp20220620
record_linkage,apps_match_source_gp20220627
record_linkage,apps_match_source_gp20220704
record_linkage,apps_match_source_gp20220711
record_linkage,apps_match_source_gp20220718
record_linkage,apps_match_source_gp20220725
record_linkage,apps_match_source_gp20220801
record_linkage,apps_match_source_gp20220808
record_linkage,apps_match_source_gp20220815
record_linkage,apps_match_source_gp20220822
record_linkage,apps_match_source_gp20220829
record_linkage,apps_match_source_gp20220905
record_linkage,apps_match_source_gp20220912
record_linkage,apps_match_source_gp20220919
record_linkage,apps_match_source_gp20220926
record_linkage,apps_match_source_gp20221003
record_linkage,apps_match_source_gp20221010
record_linkage,apps_match_source_gp20221017
record_linkage,apps_match_source_gp20221024
record_linkage,apps_match_source_gp20221031
record_linkage,apps_match_source_ios20211206
record_linkage,apps_match_source_ios20211213
record_linkage,apps_match_source_ios20211220
record_linkage,apps_match_source_ios20211227
record_linkage,apps_match_source_ios20220103
record_linkage,apps_match_source_ios20220110
record_linkage,apps_match_source_ios20220117
record_linkage,apps_match_source_ios20220124
record_linkage,apps_match_source_ios20220131
record_linkage,apps_match_source_ios20220207
record_linkage,apps_match_source_ios20220214
record_linkage,apps_match_source_ios20220221
record_linkage,apps_match_source_ios20220228
record_linkage,apps_match_source_ios20220307
record_linkage,apps_match_source_ios20220314
record_linkage,apps_match_source_ios20220321
record_linkage,apps_match_source_ios20220328
record_linkage,apps_match_source_ios20220404
record_linkage,apps_match_source_ios20220411
record_linkage,apps_match_source_ios20220418
record_linkage,apps_match_source_ios20220425
record_linkage,apps_match_source_ios20220502
record_linkage,apps_match_source_ios20220509
record_linkage,apps_match_source_ios20220516
record_linkage,apps_match_source_ios20220523
record_linkage,apps_match_source_ios20220530
record_linkage,apps_match_source_ios20220606
record_linkage,apps_match_source_ios20220613
record_linkage,apps_match_source_ios20220620
record_linkage,apps_match_source_ios20220627
record_linkage,apps_match_source_ios20220704
record_linkage,apps_match_source_ios20220711
record_linkage,apps_match_source_ios20220718
record_linkage,apps_match_source_ios20220725
record_linkage,apps_match_source_ios20220801
record_linkage,apps_match_source_ios20220808
record_linkage,apps_match_source_ios20220815
record_linkage,apps_match_source_ios20220822
record_linkage,apps_match_source_ios20220829
record_linkage,apps_match_source_ios20220905
record_linkage,apps_match_source_ios20220912
record_linkage,apps_match_source_ios20220919
record_linkage,apps_match_source_ios20220926
record_linkage,apps_match_source_ios20221003
record_linkage,apps_match_source_ios20221010
record_linkage,apps_match_source_ios20221017
record_linkage,apps_match_source_ios20221024
record_linkage,apps_match_source_ios20221031
record_linkage,auto_matched_apps20211213
record_linkage,auto_matched_apps20211220
record_linkage,auto_matched_apps20211227
record_linkage,auto_matched_apps20220103
record_linkage,auto_matched_apps20220110
record_linkage,auto_matched_apps20220117
record_linkage,auto_matched_apps20220124
record_linkage,auto_matched_apps20220131
record_linkage,auto_matched_apps20220207
record_linkage,auto_matched_apps20220214
record_linkage,auto_matched_apps20220221
record_linkage,auto_matched_apps20220228
record_linkage,auto_matched_apps20220307
record_linkage,auto_matched_apps20220314
record_linkage,auto_matched_apps20220321
record_linkage,auto_matched_apps20220328
record_linkage,auto_matched_apps20220404
record_linkage,auto_matched_apps20220411
record_linkage,auto_matched_apps20220418
record_linkage,auto_matched_apps20220425
record_linkage,auto_matched_apps20220502
record_linkage,auto_matched_apps20220509
record_linkage,auto_matched_apps20220516
record_linkage,auto_matched_apps20220523
record_linkage,auto_matched_apps20220530
record_linkage,auto_matched_apps20220606
record_linkage,auto_matched_apps20220613
record_linkage,auto_matched_apps20220620
record_linkage,auto_matched_apps20220627
record_linkage,auto_matched_apps20220704
record_linkage,auto_matched_apps20220711
record_linkage,auto_matched_apps20220718
record_linkage,auto_matched_apps20220725
record_linkage,auto_matched_apps20220801
record_linkage,auto_matched_apps20220808
record_linkage,auto_matched_apps20220815
record_linkage,auto_matched_apps20220822
record_linkage,auto_matched_apps20220829
record_linkage,auto_matched_apps20220912
record_linkage,auto_matched_apps20220919
record_linkage,auto_matched_apps20220926
record_linkage,auto_matched_apps20221003
record_linkage,auto_matched_apps20221010
record_linkage,auto_matched_apps20221017
record_linkage,auto_matched_apps20221024
record_linkage,auto_matched_apps20221031
record_linkage,calibrated_links
record_linkage,genetic_links_r2
record_linkage,genetic_links_r2_reviewable
record_linkage,gp_pub_fingerprints
record_linkage,gp_title_fingerprints
record_linkage,gp_title_pub_prints
record_linkage,human_answers
record_linkage,ios_pub_fingerprints
record_linkage,ios_title_fingerprints
record_linkage,ios_title_pub_prints
record_linkage,pipeline_test
record_linkage,r2_human_answers